"id:yen1800","1800円","1848-4828-1962"
"id:nineth-bloom","9BLOOM","0087-5901-9412"
"id:cepter-AM","A.M","1762-5745-4892"
"id:CleanAxe","C.AXE","4425-4523-6496"
"id:CALDORA","CALDORA","2750-4201-9659"
"id:ykysh523","Cova","1591-0026-2089"
"id:dacs","DAC","0602-9334-1257"
"id:dhlkai","dhlkai","2793-5179-3434"
"id:dario_brando","DIO","3480-5583-9817"
"id:egachan0223","EGA","3781-2101-8943"
"id:Egoist","Egoist","0302-4899-9417"
"id:nwo951195","G．ムチャ","5327-3963-2974"
"id:Garand","Garand","5198-5482-3109"
"id:Guvava","Guvava","0259-3345-4171"
"id:Harjie","Harjie","2149-1174-8434"
"id:hige13","hige13","3995-9556-3727"
"id:hitan632","hitan","3995-9562-5635"
"id:hsu_mai","hsu","4812-0081-4738"
"id:insect7","IC","5284-4456-4450"
"id:mitsu328","iori","4339-5538-8233"
"id:kasupi","kasupi","4640-2015-5214"
"id:kazu_kamo","kaZu","2535-7347-2543"
"id:kosmos","kosmos","2750-4185-4725"
"id:M7_XLR","M7@XLR","1290-1485-3247"
"id:mass01","mass","3308-7640-0416"
"id:metapone","meta","4425-4478-8543"
"id:momo-y","momo","3265-8131-2502"
"id:Mors","Mors","2535-6688-0794"
"id:neko1024","neko","3480-5604-4923"
"id:nekomeXT","nekome","3394-6607-5430"
"id:QTAROW","Q太郎","3781-2077-0742"
"id:furuisima","sima","4640-2400-9397"
"id:Snap","Snap","2020-2711-3596"
"id:S_Hakusyaku","S伯爵","5370-3499-1274"
"id:tmg44","tmg44","5069-6992-2149"
"id:Uttiy","Uttiy","3867-1116-2402"
"id:Moskovskaya","Vodka","4296-6420-1548"
"id:cepter-waka","waka","4983-8078-6477"
"id:yadoyado","YADO","4296-6040-8984"
"id:DelayOfTheGame","Ys","0474-2807-5980"
"id:alpu","あるぷ","5198-5660-0443"
"id:tabiture","アルファ","2535-6728-4077"
"id:ichi456","いち","4038-9061-8234"
"id:cardhero-bu","イノセンス","3094-0134-1778"
"id:weathering","ウェザリング","3695-3083-6946"
"id:umi-s","うみ","1934-3720-6267"
"id:konjiki","エグ","3480-5866-8778"
"id:esanore","えすあーのれ","3910-0571-5381"
"id:xcepter","えっくす","1762-5734-0601"
"id:Hydrochloric","えんさん","3695-3166-0279"
"id:oukun","おうくん","3781-3688-5468"
"id:Kaichi","カイチ","5241-5006-5710"
"id:shepherdess_Katharina","カタリナ","5198-5465-6291"
"id:kamuimaru","かむいまる","4210-6986-4856"
"id:howaitodo","かよ","0130-4855-8071"
"id:Kibi","きび","1805-5258-8330"
"ig:gra99","グラ","2192-0851-3897"
"id:groovetube","ぐる～ぶ","5069-6992-0895"
"id:konerias","コーネリアス","3781-2079-9662"
"id:koryu4511-3517-8920","コーリュー","4511-3517-8920"
"id:Cochma","コクマ","3523-5100-5424"
"id:kotatsusan","こたつ","2922-2817-4368"
"id:S-Koduck","こだっく","5370-3457-0581"
"id:Yuki-a-MAS","こっきゅん","2449-7671-0794"
"id:shellman1234","サエコ","0044-6022-9817"
"id:satoru0725","サトル","5327-3964-9223"
"id:Sarutani","さるたに","2922-2144-4329"
"id:sawatake","さわたけ","3953-0110-0002"
"id:siegfried0125","しぐるど","5284-4460-1016"
"id:Lipsgr","しぐれ","5069-7548-9373"
"id:i_on","シショ","4382-5285-3791"
"id:tendon-block","ジャコウ総督","0130-5163-2835"
"id:cosuta","スヴニール","1290-1270-9749"
"id:suji-ko","スジコ","1333-0875-6899"
"id:sumirededo","すみれ","3351-7113-0082"
"id:sesehao","せせはお","3738-2586-0679"
"id:wednesday1976","ダイジ","0559-9845-2458"
"id:tksk_0901","たかさき","2406-8184-7861"
"id:okome5","たかし","3824-1574-7152"
"id:takulow","たくろ～","2063-2208-0253"
"id:tanukiziru","たぬきじ","3824-1576-2570"
"id:tsushi_24","つし","1204-2296-5202"
"id:mura123","つね","5198-5509-5353"
"id:tiger_xl","ティーゲル","2879-2670-8469"
"id:tetulow26","てつろー","1247-2315-1277"
"id:tomotomo7","ともとも","1032-4399-0743"
"id:domovoi","ドモボーイ","1247-1772-2644"
"id:chintu","ナユタ","2836-3161-7233"
"id:narut0","なるとダ～島","1848-4789-9987"
"id:naru-44","なるほど","1762-5743-8823"
"id:nyankosensei-10gb","にゃんこ先生","1247-1782-0267"
"id:kannya","にょろんぱ","5284-5160-7695"
"id:nununu1","ぬぬぬ","2965-1639-8557"
"id:Iruas","ぬるこ","3351-7124-1647"
"id:naleringar","ネールリンガ","2149-1217-1507"
"id:pata2000","パタ","3266-0622-4383"
"id:battler","バトラー","0903-5800-9266"
"id pamsuke","パン助","4339-5515-8237"
"id:piitan","ぴぃたん","0989-4792-2315"
"id:higejon","ひげじょん","0860-6302-0590"
"id:Hitsuzi","ヒツジ","4382-5284-2372"
"id:hidenori0418","ひでのり","3394-6607-6285"
"id:falclaw","ファルクロー","1977-4147-9533"
"id:Fuurin","ふうりん","0731-7812-1728"
"id:omi048","フォリス","3136-9802-8975"
"id:putchar","ぷちなん","3609-4090-2202"
"id:Bruce","ぶるうす","0559-9815-2273"
"id:flusses","フルセス","1075-3798-0858"
"id:bunichi2008","ぶんいち","4038-9071-0221"
"id:HoniHoni","ほにほに","1633-9068-2896"
"id:J_P","ポニョナレフ","5327-4460-6956"
"id:mightguy","マイト＝ガイ","0860-8706-7286"
"id:mokumechou98","マイナス2","4683-1477-6962"
"id:masa9-9","まさ","3094-0199-6935"
"id:mamurun","まむるん","2149-1203-9309"
"id:mikan-sp","みかんSP","2320-9234-9716"
"id:rejibow","ミスタ","4854-9749-4904"
"id:cepter-mumrik","ムムリク","4382-5035-9786"
"id:merinko","メリンコ","2363-8687-9677"
"id:mochimochi_1192","もっちー","0774-7328-6834"
"id:yamatoppp","ヤマト","4425-4544-2010"
"id:Snow_wish","ゆき","2750-4160-1847"
"id:yutka","ゆたか","3523-5102-5546"
"id:YOSHI-00","ヨシ","2063-2322-3695"
"id:yosimi77","よしみ","2492-7206-9412"
"id:taiiichi","ょしみつ","0989-4823-2405"
"id:Josyua","ヨシュア","1719-6234-1053"
"id:rush2112","ライム","0259-3347-8826"
"id:rahpsody","らぷそでぃ","1075-3777-3856"
"id:rikurikusen","リク陸戦型","1676-6737-9745"
"id:noya","りちょ","4382-5931-5892"
"id:ryoucyan","りょうちゃん","5026-7497-8510"
"id:rettsura","れっつら","3652-3590-2650"
"id:rehito","れひと","4769-0544-2582"
"id:longmay","ろんめい","2492-7178-8822"
"id:AiriHaba","羽場愛理","2922-2138-9314"
"id:geta4382","下駄","0130-4848-8934"
"id:sotogamo_nakiku","外鴨なきく","4683-1512-4529"
"id:thereminvox","軍艦甘えび","2535-6669-6671"
"id:cepter-xyz","戸愚呂　妹","4554-3344-2389"
"id:burackcat66","黒猫","1934-6044-7333"
"id:nsc_komainu","狛犬","3265-8120-3995"
"id:Fira_ds","紺碧のフィラ","2020-2712-1940"
"id:sunsung","酸","1762-5735-7769"
"id:NanaSe","七瀬","4640-2026-1224"
"id:Akitsuki_DS","秋月","2149-1204-3223"
"id:shonen13","少年","4983-7978-4930"
"id:ShinYoh_4124-8099-1522","森陽","4124-8099-1522"
"id:streetcepter","村田","4855-0171-5212"
"id:techurom","鉄の人","1547-8250-8130"
"id:sirayuki","白雪","0044-5874-7890"
"id:oudo_001","八朔","3910-0567-7765"
"id:ShunTheWanderer","風来のシュン","4339-5526-0924"
"id:nakayuu","伏龍","0044-5918-5769"
"id:cuthuluriver","無面目","2750-5289-5419"
"id:nimbost","夜喰いの兎","3867-1066-0195"
"id:youko-shukusi","妖孤","1247-2523-3269"
